model,roc_auc,avg_precision
Logistic Regression,0.9999993778085723,0.99998376722976
XGBoost,0.9996904071400488,0.9963302835575165
